onset	duration	trial_type
26.8018	0.5	reading
27.8029	0.5	reading
28.8013	0.5	reading
29.8023	0.5	reading
30.8088	0.5	reading
31.8098	0.5	reading
32.8105	0.5	reading
33.8076	0.5	reading
34.8082	0.5	reading
35.809	0.5	reading
36.8101	0.5	reading
37.811	0.5	reading
38.8074	0.5	reading
39.817	0.5	reading
40.8191	0.5	reading
41.8167	0.5	reading
42.8175	0.5	reading
43.8192	0.5	reading
44.8177	0.5	reading
45.818	0.5	reading
46.8199	0.5	reading
47.8202	0.5	reading
48.8163	0.5	reading
49.8251	0.5	reading
50.826	0.5	reading
51.827	0.5	reading
52.8279	0.5	reading
53.8245	0.5	reading
54.8255	0.5	reading
55.8265	0.5	reading
56.8272	0.5	reading
57.8293	0.5	reading
58.8247	0.5	reading
59.8363	0.5	reading
60.8343	0.5	reading
61.8387	0.5	reading
62.8358	0.5	reading
63.8344	0.5	reading
64.8377	0.5	reading
65.8376	0.5	reading
66.8373	0.5	reading
67.8365	0.5	reading
68.8366	0.5	reading
69.8427	0.5	reading
70.8432	0.5	reading
71.8443	0.5	reading
72.8453	0.5	reading
73.842	0.5	reading
74.8425	0.5	reading
75.8437	0.5	reading
76.8445	0.5	reading
77.8454	0.5	reading
104.7519	0.5	reading
105.7551	0.5	reading
106.7532	0.5	reading
107.7567	0.5	reading
108.7515	0.5	reading
109.7514	0.5	reading
110.7609	0.5	reading
111.762	0.5	reading
112.7811	0.5	reading
113.7959	0.5	reading
114.8048	0.5	reading
115.8043	0.5	reading
116.8027	0.5	reading
117.805	0.5	reading
118.8027	0.5	reading
119.8032	0.5	reading
120.8112	0.5	reading
121.8122	0.5	reading
122.813	0.5	reading
123.8099	0.5	reading
124.812	0.5	reading
125.8114	0.5	reading
126.8123	0.5	reading
127.813	0.5	reading
128.8101	0.5	reading
129.8108	0.5	reading
130.8183	0.5	reading
131.8191	0.5	reading
132.8224	0.5	reading
133.8207	0.5	reading
134.8206	0.5	reading
135.8209	0.5	reading
136.8211	0.5	reading
137.8227	0.5	reading
138.818	0.5	reading
139.8198	0.5	reading
140.8283	0.5	reading
141.8293	0.5	reading
142.8302	0.5	reading
143.8269	0.5	reading
144.8276	0.5	reading
145.8284	0.5	reading
146.8296	0.5	reading
147.8302	0.5	reading
148.827	0.5	reading
149.8281	0.5	reading
150.8397	0.5	reading
151.8407	0.5	reading
152.8379	0.5	reading
153.8373	0.5	reading
154.8477	0.5	reading
155.8544	0.5	reading
156.8571	0.5	reading
157.8556	0.5	reading
158.8684	0.5	reading
159.8719	0.5	reading
160.8791	0.5	reading
161.8796	0.5	reading
185.3157	0.5	reading
186.3247	0.5	reading
187.3222	0.5	reading
188.3261	0.5	reading
189.324	0.5	reading
190.3209	0.5	reading
191.3313	0.5	reading
192.3309	0.5	reading
193.3333	0.5	reading
194.3286	0.5	reading
195.3296	0.5	reading
196.33	0.5	reading
197.3311	0.5	reading
198.3316	0.5	reading
199.3287	0.5	reading
200.3293	0.5	reading
201.3387	0.5	reading
202.337	0.5	reading
203.3417	0.5	reading
204.3385	0.5	reading
205.3373	0.5	reading
206.3408	0.5	reading
207.3407	0.5	reading
208.3405	0.5	reading
209.3364	0.5	reading
210.337	0.5	reading
211.3475	0.5	reading
212.348	0.5	reading
213.3491	0.5	reading
214.3455	0.5	reading
215.3465	0.5	reading
216.3473	0.5	reading
217.348	0.5	reading
218.3492	0.5	reading
219.3455	0.5	reading
220.3465	0.5	reading
221.354	0.5	reading
222.3574	0.5	reading
223.3586	0.5	reading
224.3541	0.5	reading
225.3539	0.5	reading
226.3557	0.5	reading
227.3552	0.5	reading
228.3612	0.5	reading
229.3565	0.5	reading
230.3537	0.5	reading
231.3643	0.5	reading
232.3654	0.5	reading
233.3662	0.5	reading
234.3625	0.5	reading
235.3636	0.5	reading
236.3647	0.5	reading
237.3656	0.5	reading
238.3663	0.5	reading
239.3628	0.5	reading
240.3637	0.5	reading
241.3724	0.5	reading
242.3775	0.5	reading
243.3737	0.5	reading
244.3724	0.5	reading
245.3717	0.5	reading
246.3724	0.5	reading
247.374	0.5	reading
248.3755	0.5	reading
249.3706	0.5	reading
250.3713	0.5	reading
251.3814	0.5	reading
252.3823	0.5	reading
253.3833	0.5	reading
254.3799	0.5	reading
255.3808	0.5	reading
256.3815	0.5	reading
257.3823	0.5	reading
258.3835	0.5	reading
259.3799	0.5	reading
260.3808	0.5	reading
261.3913	0.5	reading
262.393	0.5	reading
263.3909	0.5	reading
264.3875	0.5	reading
265.391	0.5	reading
266.3906	0.5	reading
267.3907	0.5	reading
268.3913	0.5	reading
269.3881	0.5	reading
270.3898	0.5	reading
271.3985	0.5	reading
272.3995	0.5	reading
273.4005	0.5	reading
274.3973	0.5	reading
275.3978	0.5	reading
276.3989	0.5	reading
277.3996	0.5	reading
278.4006	0.5	reading
279.3974	0.5	reading
280.3979	0.5	reading
281.4073	0.5	reading
282.4074	0.5	reading
283.4101	0.5	reading
284.4066	0.5	reading
285.4069	0.5	reading
286.4055	0.5	reading
287.4083	0.5	reading
288.4093	0.5	reading
289.4051	0.5	reading
290.4079	0.5	reading
291.4157	0.5	reading
292.4168	0.5	reading
293.4175	0.5	reading
294.4141	0.5	reading
295.415	0.5	reading
296.4161	0.5	reading
297.4166	0.5	reading
321.21	0.5	reading
322.2296	0.5	reading
323.2291	0.5	reading
324.2263	0.5	reading
325.2252	0.5	reading
326.2285	0.5	reading
327.224	0.5	reading
328.2288	0.5	reading
329.2271	0.5	reading
330.2239	0.5	reading
331.2265	0.5	reading
332.2339	0.5	reading
333.235	0.5	reading
334.2318	0.5	reading
335.2324	0.5	reading
336.2336	0.5	reading
337.2343	0.5	reading
338.2348	0.5	reading
339.2319	0.5	reading
340.2324	0.5	reading
341.2336	0.5	reading
342.2415	0.5	reading
343.2488	0.5	reading
344.2442	0.5	reading
345.2405	0.5	reading
346.241	0.5	reading
347.2456	0.5	reading
348.2428	0.5	reading
349.2433	0.5	reading
350.2455	0.5	reading
351.241	0.5	reading
352.2513	0.5	reading
353.2522	0.5	reading
354.2486	0.5	reading
355.2495	0.5	reading
356.2504	0.5	reading
357.2512	0.5	reading
358.2519	0.5	reading
359.2488	0.5	reading
360.2496	0.5	reading
361.2505	0.5	reading
362.2575	0.5	reading
363.2589	0.5	reading
364.2575	0.5	reading
365.2606	0.5	reading
366.2617	0.5	reading
367.2608	0.5	reading
368.2602	0.5	reading
369.262	0.5	reading
370.2607	0.5	reading
371.2606	0.5	reading
372.2684	0.5	reading
373.269	0.5	reading
374.2658	0.5	reading
375.2667	0.5	reading
376.2674	0.5	reading
377.2683	0.5	reading
378.2693	0.5	reading
379.2663	0.5	reading
380.2668	0.5	reading
381.2675	0.5	reading
382.2799	0.5	reading
383.2816	0.5	reading
384.2748	0.5	reading
385.2755	0.5	reading
386.2811	0.5	reading
387.2776	0.5	reading
388.2756	0.5	reading
389.2776	0.5	reading
390.2756	0.5	reading
391.2768	0.5	reading
392.2854	0.5	reading
393.2864	0.5	reading
394.2833	0.5	reading
395.2841	0.5	reading
396.2844	0.5	reading
397.2854	0.5	reading
398.2863	0.5	reading
399.2834	0.5	reading
400.2842	0.5	reading
401.2847	0.5	reading
402.2963	0.5	reading
403.298	0.5	reading
404.2935	0.5	reading
405.2929	0.5	reading
406.2941	0.5	reading
407.293	0.5	reading
408.298	0.5	reading
409.2918	0.5	reading
410.2936	0.5	reading
411.2938	0.5	reading
412.2916	0.5	reading
413.3033	0.5	reading
414.3002	0.5	reading
415.3008	0.5	reading
416.3016	0.5	reading
417.3028	0.5	reading
418.3033	0.5	reading
419.3004	0.5	reading
420.3013	0.5	reading
421.3019	0.5	reading
422.3026	0.5	reading
423.3118	0.5	reading
424.3087	0.5	reading
425.3093	0.5	reading
426.3101	0.5	reading
427.3114	0.5	reading
428.3134	0.5	reading
429.3101	0.5	reading
430.3111	0.5	reading
431.3106	0.5	reading
432.3112	0.5	reading
433.3206	0.5	reading
434.3172	0.5	reading
435.3179	0.5	reading
436.3191	0.5	reading
437.3196	0.5	reading
438.3204	0.5	reading
439.3172	0.5	reading
464.5357	0.5	reading
465.552	0.5	reading
466.5529	0.5	reading
467.5538	0.5	reading
468.5578	0.5	reading
469.5619	0.5	reading
470.5624	0.5	reading
471.5638	0.5	reading
472.5646	0.5	reading
473.5714	0.5	reading
474.5686	0.5	reading
475.5694	0.5	reading
476.5699	0.5	reading
477.5708	0.5	reading
478.5715	0.5	reading
479.5684	0.5	reading
480.5696	0.5	reading
481.57	0.5	reading
482.5707	0.5	reading
483.572	0.5	reading
484.5685	0.5	reading
485.5696	0.5	reading
486.5705	0.5	reading
487.571	0.5	reading
488.5721	0.5	reading
489.5684	0.5	reading
490.5694	0.5	reading
491.5702	0.5	reading
492.5711	0.5	reading
493.5722	0.5	reading
494.5691	0.5	reading
495.5698	0.5	reading
496.5706	0.5	reading
497.5712	0.5	reading
498.5739	0.5	reading
499.572	0.5	reading
500.5788	0.5	reading
501.5775	0.5	reading
502.5794	0.5	reading
503.5891	0.5	reading
504.5856	0.5	reading
505.5864	0.5	reading
506.5875	0.5	reading
507.5883	0.5	reading
508.5889	0.5	reading
509.586	0.5	reading
510.5866	0.5	reading
511.5876	0.5	reading
512.5882	0.5	reading
513.599	0.5	reading
514.5967	0.5	reading
515.5946	0.5	reading
516.5962	0.5	reading
517.5956	0.5	reading
518.5966	0.5	reading
519.5929	0.5	reading
520.596	0.5	reading
521.5983	0.5	reading
522.5953	0.5	reading
523.6063	0.5	reading
524.6027	0.5	reading
525.6035	0.5	reading
526.6044	0.5	reading
527.6053	0.5	reading
528.606	0.5	reading
529.6028	0.5	reading
530.6039	0.5	reading
531.6044	0.5	reading
532.6053	0.5	reading
533.6183	0.5	reading
534.6108	0.5	reading
535.6127	0.5	reading
536.6167	0.5	reading
537.6139	0.5	reading
538.6155	0.5	reading
539.6149	0.5	reading
540.6107	0.5	reading
541.6123	0.5	reading
542.6138	0.5	reading
543.6232	0.5	reading
544.6202	0.5	reading
545.6209	0.5	reading
546.6215	0.5	reading
547.6226	0.5	reading
548.6234	0.5	reading
549.6199	0.5	reading
550.6208	0.5	reading
551.6216	0.5	reading
552.6224	0.5	reading
553.6317	0.5	reading
554.6287	0.5	reading
555.6278	0.5	reading
556.6312	0.5	reading
557.6321	0.5	reading
558.6314	0.5	reading
559.6318	0.5	reading
560.63	0.5	reading
561.6301	0.5	reading
562.6329	0.5	reading
563.6402	0.5	reading
564.6374	0.5	reading
565.638	0.5	reading
566.6389	0.5	reading
567.6394	0.5	reading
568.6403	0.5	reading
569.637	0.5	reading
570.638	0.5	reading
571.6387	0.5	reading
572.6396	0.5	reading
573.6457	0.5	reading
574.6497	0.5	reading
575.6461	0.5	reading
576.6453	0.5	reading
577.6465	0.5	reading
578.6501	0.5	reading
579.6502	0.5	reading
580.6443	0.5	reading
581.6476	0.5	reading
582.6492	0.5	reading
583.649	0.5	reading
584.662	0.5	reading
585.6642	0.5	reading
586.6692	0.5	reading
587.6648	0.5	reading
588.6697	0.5	reading
589.6683	0.5	reading
590.6659	0.5	reading
591.6644	0.5	reading
592.6646	0.5	reading
593.6659	0.5	reading
594.6753	0.5	reading
595.6717	0.5	reading
596.6725	0.5	reading
597.6735	0.5	reading
598.6743	0.5	reading
599.6754	0.5	reading
600.6721	0.5	reading
601.673	0.5	reading
602.6734	0.5	reading
603.6746	0.5	reading
604.6844	0.5	reading
605.681	0.5	reading
606.6817	0.5	reading
607.6842	0.5	reading
608.6839	0.5	reading
609.6835	0.5	reading
610.6809	0.5	reading
611.6804	0.5	reading
612.6856	0.5	reading
636.1525	0.5	reading
637.1563	0.5	reading
638.1578	0.5	reading
639.1591	0.5	reading
640.1556	0.5	reading
641.1564	0.5	reading
642.1573	0.5	reading
643.1582	0.5	reading
644.1685	0.5	reading
645.1634	0.5	reading
646.1636	0.5	reading
647.1714	0.5	reading
648.1918	0.5	reading
649.1926	0.5	reading
650.1891	0.5	reading
651.1901	0.5	reading
652.1912	0.5	reading
653.1921	0.5	reading
654.1929	0.5	reading
655.198	0.5	reading
656.1995	0.5	reading
657.2006	0.5	reading
658.1988	0.5	reading
659.2028	0.5	reading
660.2054	0.5	reading
661.2073	0.5	reading
662.2078	0.5	reading
663.2087	0.5	reading
664.2094	0.5	reading
665.2158	0.5	reading
666.2173	0.5	reading
667.2149	0.5	reading
668.2183	0.5	reading
669.2204	0.5	reading
670.2162	0.5	reading
671.2158	0.5	reading
672.216	0.5	reading
673.2172	0.5	reading
674.2169	0.5	reading
675.223	0.5	reading
676.2239	0.5	reading
677.2251	0.5	reading
678.2256	0.5	reading
679.2266	0.5	reading
680.2233	0.5	reading
704.8505	0.5	reading
705.8522	0.5	reading
706.8536	0.5	reading
707.8525	0.5	reading
708.8504	0.5	reading
709.8536	0.5	reading
710.8501	0.5	reading
711.8522	0.5	reading
712.8547	0.5	reading
713.8503	0.5	reading
714.8611	0.5	reading
715.8581	0.5	reading
716.8585	0.5	reading
717.8596	0.5	reading
718.8605	0.5	reading
719.8612	0.5	reading
720.8579	0.5	reading
721.8587	0.5	reading
722.8596	0.5	reading
723.8606	0.5	reading
724.8666	0.5	reading
725.8661	0.5	reading
726.8718	0.5	reading
727.8673	0.5	reading
728.8669	0.5	reading
729.871	0.5	reading
730.8723	0.5	reading
731.8761	0.5	reading
732.8766	0.5	reading
733.8777	0.5	reading
734.8781	0.5	reading
735.8832	0.5	reading
736.8844	0.5	reading
737.8877	0.5	reading
738.8873	0.5	reading
739.8867	0.5	reading
767.6144	0.5	reading
768.6215	0.5	reading
769.6203	0.5	reading
770.6178	0.5	reading
771.6188	0.5	reading
772.6188	0.5	reading
773.6227	0.5	reading
774.6222	0.5	reading
775.6262	0.5	reading
776.6269	0.5	reading
777.6274	0.5	reading
778.6284	0.5	reading
779.6293	0.5	reading
780.6257	0.5	reading
781.6266	0.5	reading
782.6276	0.5	reading
783.6283	0.5	reading
784.6294	0.5	reading
785.6353	0.5	reading
786.6355	0.5	reading
787.6371	0.5	reading
788.6402	0.5	reading
789.6404	0.5	reading
790.6364	0.5	reading
791.6369	0.5	reading
792.6393	0.5	reading
793.6387	0.5	reading
794.6387	0.5	reading
795.6357	0.5	reading
796.6358	0.5	reading
797.6359	0.5	reading
798.6387	0.5	reading
799.638	0.5	reading
800.6325	0.5	reading
801.6386	0.5	reading
802.6437	0.5	reading
803.6454	0.5	reading
804.6496	0.5	reading
805.6597	0.5	reading
806.6608	0.5	reading
807.6614	0.5	reading
808.6624	0.5	reading
809.6634	0.5	reading
810.6596	0.5	reading
811.6606	0.5	reading
812.6615	0.5	reading
813.6623	0.5	reading
814.6634	0.5	reading
815.6688	0.5	reading
816.6714	0.5	reading
817.671	0.5	reading
818.6701	0.5	reading
819.6736	0.5	reading
820.6673	0.5	reading
821.6692	0.5	reading
822.673	0.5	reading
823.6742	0.5	reading
824.6706	0.5	reading
825.6772	0.5	reading
826.6777	0.5	reading
827.6788	0.5	reading
828.6796	0.5	reading
829.6803	0.5	reading
830.6769	0.5	reading
831.6781	0.5	reading
832.6787	0.5	reading
833.6793	0.5	reading
834.6803	0.5	reading
835.6851	0.5	reading
836.6885	0.5	reading
837.6901	0.5	reading
838.687	0.5	reading
839.6891	0.5	reading
840.6858	0.5	reading
841.6876	0.5	reading
842.6876	0.5	reading
843.6882	0.5	reading
844.6881	0.5	reading
845.6862	0.5	reading
846.6948	0.5	reading
847.6956	0.5	reading
848.6964	0.5	reading
849.6976	0.5	reading
850.6945	0.5	reading
851.695	0.5	reading
852.6958	0.5	reading
853.6968	0.5	reading
877.0829	0.5	reading
878.1131	0.5	reading
879.1141	0.5	reading
880.1147	0.5	reading
881.112	0.5	reading
882.1128	0.5	reading
883.1133	0.5	reading
884.1143	0.5	reading
885.1149	0.5	reading
886.1118	0.5	reading
887.113	0.5	reading
888.1135	0.5	reading
889.1145	0.5	reading
890.1155	0.5	reading
891.1118	0.5	reading
892.1131	0.5	reading
893.1133	0.5	reading
894.1147	0.5	reading
895.1155	0.5	reading
896.1159	0.5	reading
897.1334	0.5	reading
898.1482	0.5	reading
899.1664	0.5	reading
900.1829	0.5	reading
901.1787	0.5	reading
902.198	0.5	reading
903.2105	0.5	reading
904.2181	0.5	reading
905.2278	0.5	reading
906.235	0.5	reading
907.2429	0.5	reading
908.2474	0.5	reading
909.248	0.5	reading
910.2492	0.5	reading
911.2456	0.5	reading
912.2466	0.5	reading
913.2472	0.5	reading
914.2484	0.5	reading
915.2494	0.5	reading
916.2493	0.5	reading
917.2729	0.5	reading
918.2755	0.5	reading
919.2749	0.5	reading
920.287	0.5	reading
921.2862	0.5	reading
922.2973	0.5	reading
923.2975	0.5	reading
924.2984	0.5	reading
925.2994	0.5	reading
926.2963	0.5	reading
927.321	0.5	reading
951.8559	0.5	reading
952.8584	0.5	reading
953.8588	0.5	reading
954.8597	0.5	reading
955.8538	0.5	reading
956.8641	0.5	reading
957.8653	0.5	reading
958.8719	0.5	reading
959.8776	0.5	reading
960.8736	0.5	reading
961.8745	0.5	reading
962.882	0.5	reading
963.8825	0.5	reading
964.8837	0.5	reading
965.8804	0.5	reading
966.8977	0.5	reading
967.8983	0.5	reading
968.8991	0.5	reading
969.9	0.5	reading
970.8973	0.5	reading
971.8977	0.5	reading
972.8989	0.5	reading
973.8995	0.5	reading
974.9002	0.5	reading
975.897	0.5	reading
976.9142	0.5	reading
977.9154	0.5	reading
978.9161	0.5	reading
979.9171	0.5	reading
980.9139	0.5	reading
981.9146	0.5	reading
982.9155	0.5	reading
983.9179	0.5	reading
984.917	0.5	reading
985.9143	0.5	reading
986.9212	0.5	reading
987.9242	0.5	reading
988.9264	0.5	reading
989.9305	0.5	reading
990.9218	0.5	reading
991.9221	0.5	reading
992.9271	0.5	reading
993.9251	0.5	reading
994.9243	0.5	reading
995.9249	0.5	reading
996.923	0.5	reading
997.9248	0.5	reading
998.9268	0.5	reading
999.9258	0.5	reading
1000.9269	0.5	reading
1001.9231	0.5	reading
1002.9234	0.5	reading
1003.9258	0.5	reading
1004.9275	0.5	reading
1005.9269	0.5	reading
1006.9247	0.5	reading
1007.9327	0.5	reading
1008.9336	0.5	reading
1009.9344	0.5	reading
1010.9355	0.5	reading
1011.9321	0.5	reading
1012.9332	0.5	reading
1013.9336	0.5	reading
1014.9349	0.5	reading
1015.9354	0.5	reading
1016.9323	0.5	reading
1017.9413	0.5	reading
1018.9431	0.5	reading
1019.9443	0.5	reading
1020.9461	0.5	reading
1021.946	0.5	reading
1022.9436	0.5	reading
1023.9415	0.5	reading
1024.9448	0.5	reading
1025.9551	0.5	reading
1026.9494	0.5	reading
1027.9581	0.5	reading
1028.9585	0.5	reading
1029.9588	0.5	reading
1030.9613	0.5	reading
1058.8765	0.5	reading
1059.8853	0.5	reading
1060.888	0.5	reading
1061.8829	0.5	reading
1062.8836	0.5	reading
1063.8849	0.5	reading
1064.8855	0.5	reading
1065.8861	0.5	reading
1066.883	0.5	reading
1067.9006	0.5	reading
1068.9013	0.5	reading
1069.9141	0.5	reading
1070.9153	0.5	reading
1071.9108	0.5	reading
1072.9095	0.5	reading
1073.9099	0.5	reading
1074.9119	0.5	reading
1075.9152	0.5	reading
1076.9233	0.5	reading
1077.9346	0.5	reading
1078.9354	0.5	reading
1079.936	0.5	reading
1080.937	0.5	reading
1081.9334	0.5	reading
1082.9343	0.5	reading
1083.9355	0.5	reading
1084.9358	0.5	reading
1085.9368	0.5	reading
1086.9338	0.5	reading
1087.9343	0.5	reading
1088.9352	0.5	reading
1089.936	0.5	reading
1090.9371	0.5	reading
1091.9337	0.5	reading
1092.9345	0.5	reading
1093.9354	0.5	reading
1094.9364	0.5	reading
1095.9373	0.5	reading
1096.9342	0.5	reading
1097.9349	0.5	reading
1098.9355	0.5	reading
1099.9365	0.5	reading
1100.9374	0.5	reading
1101.9339	0.5	reading
1102.9352	0.5	reading
1103.9356	0.5	reading
1104.9366	0.5	reading
1105.9375	0.5	reading
1106.9344	0.5	reading
1107.9452	0.5	reading
1108.9467	0.5	reading
1109.9436	0.5	reading
1110.9492	0.5	reading
1111.9448	0.5	reading
1112.9443	0.5	reading
1113.9458	0.5	reading
1114.9462	0.5	reading
1115.946	0.5	reading
1116.9418	0.5	reading
1117.9516	0.5	reading
1118.9523	0.5	reading
1119.9537	0.5	reading
1120.9542	0.5	reading
1121.9511	0.5	reading
1122.9523	0.5	reading
1123.9531	0.5	reading
1124.9539	0.5	reading
1125.9548	0.5	reading
1126.9511	0.5	reading
1127.9518	0.5	reading
1128.9621	0.5	reading
1129.9608	0.5	reading
1130.9633	0.5	reading
1131.9618	0.5	reading
1132.9603	0.5	reading
1133.9595	0.5	reading
1134.9616	0.5	reading
1135.9622	0.5	reading
1136.958	0.5	reading
1137.9608	0.5	reading
1138.9697	0.5	reading
1139.9705	0.5	reading
1140.9714	0.5	reading
1141.9682	0.5	reading
1142.969	0.5	reading
1143.9699	0.5	reading
1144.9765	0.5	reading
1145.9832	0.5	reading
1146.9783	0.5	reading
1147.9793	0.5	reading
1148.9866	0.5	reading
1149.9877	0.5	reading
1150.9885	0.5	reading
1151.9851	0.5	reading
1152.9861	0.5	reading
1153.987	0.5	reading
1154.9877	0.5	reading
1155.9884	0.5	reading
1156.9852	0.5	reading
1157.986	0.5	reading
1158.9941	0.5	reading
1159.9976	0.5	reading
1161.0004	0.5	reading
1161.9954	0.5	reading
1162.9949	0.5	reading
1163.9941	0.5	reading
1189.5059	0.5	reading
1190.5174	0.5	reading
1191.5158	0.5	reading
1192.519	0.5	reading
1193.5204	0.5	reading
1194.5214	0.5	reading
1195.5224	0.5	reading
1196.5229	0.5	reading
1197.5197	0.5	reading
1198.5206	0.5	reading
1199.5218	0.5	reading
1200.5223	0.5	reading
1201.5231	0.5	reading
1202.52	0.5	reading
1203.5208	0.5	reading
1204.5216	0.5	reading
1231.4731	0.5	reading
1232.4708	0.5	reading
1233.4718	0.5	reading
1234.472	0.5	reading
1235.4735	0.5	reading
1236.4739	0.5	reading
1237.4706	0.5	reading
1238.4719	0.5	reading
1239.4909	0.5	reading
1240.4992	0.5	reading
1241.5034	0.5	reading
1242.4965	0.5	reading
1243.4967	0.5	reading
1244.5005	0.5	reading
1245.4999	0.5	reading
1246.4988	0.5	reading
1247.4947	0.5	reading
1248.4946	0.5	reading
1249.5059	0.5	reading
1250.5067	0.5	reading
1251.5073	0.5	reading
1252.5047	0.5	reading
1253.5051	0.5	reading
1254.5061	0.5	reading
1255.5073	0.5	reading
1256.5077	0.5	reading
1257.5048	0.5	reading
1258.5057	0.5	reading
1259.5149	0.5	reading
1260.5146	0.5	reading
1261.5162	0.5	reading
1262.5148	0.5	reading
1263.5152	0.5	reading
1264.5147	0.5	reading
1265.5148	0.5	reading
1266.5177	0.5	reading
1267.5148	0.5	reading
1268.5129	0.5	reading
1269.5231	0.5	reading
1270.524	0.5	reading
1271.5251	0.5	reading
1272.5218	0.5	reading
1273.5227	0.5	reading
1274.5232	0.5	reading
1275.5242	0.5	reading
1276.5249	0.5	reading
1277.5219	0.5	reading
1278.5225	0.5	reading
1279.5298	0.5	reading
1280.5356	0.5	reading
1281.5369	0.5	reading
1282.5331	0.5	reading
1283.5339	0.5	reading
1284.5332	0.5	reading
1285.5335	0.5	reading
1286.5315	0.5	reading
1287.5291	0.5	reading
1288.533	0.5	reading
1289.5402	0.5	reading
1290.5413	0.5	reading
1291.5421	0.5	reading
1292.5387	0.5	reading
1293.5394	0.5	reading
1294.5403	0.5	reading
1295.5412	0.5	reading
1296.5423	0.5	reading
1297.5387	0.5	reading
1298.5395	0.5	reading
1299.5478	0.5	reading
1300.5517	0.5	reading
1301.5505	0.5	reading
1302.5481	0.5	reading
1303.5475	0.5	reading
1304.5496	0.5	reading
1305.5507	0.5	reading
1306.5517	0.5	reading
1307.5482	0.5	reading
1308.5473	0.5	reading
1309.5573	0.5	reading
1310.5582	0.5	reading
1311.5593	0.5	reading
1312.5558	0.5	reading
1313.557	0.5	reading
1314.5572	0.5	reading
1315.5587	0.5	reading
1316.5592	0.5	reading
1317.5558	0.5	reading
1318.5567	0.5	reading
1319.5671	0.5	reading
1320.5668	0.5	reading
1321.5675	0.5	reading
1322.5662	0.5	reading
1323.5662	0.5	reading
1324.5644	0.5	reading
1325.5662	0.5	reading
1326.5681	0.5	reading
1327.5644	0.5	reading
1328.566	0.5	reading
1329.5741	0.5	reading
1330.5752	0.5	reading
1331.5928	0.5	reading
1332.5897	0.5	reading
1333.5907	0.5	reading
1334.5936	0.5	reading
1335.5924	0.5	reading
1336.593	0.5	reading
1337.5897	0.5	reading
1338.5904	0.5	reading
1339.5913	0.5	reading
1340.5993	0.5	reading
1341.6024	0.5	reading
1342.5974	0.5	reading
1343.6009	0.5	reading
1344.5993	0.5	reading
1345.6003	0.5	reading
1346.6046	0.5	reading
1347.5979	0.5	reading
1348.5975	0.5	reading
1349.6041	0.5	reading
1350.609	0.5	reading
1351.6101	0.5	reading
1352.607	0.5	reading
1353.6078	0.5	reading
1354.6084	0.5	reading
1355.6094	0.5	reading
1356.6104	0.5	reading
1357.6071	0.5	reading
1358.6077	0.5	reading
1359.6088	0.5	reading
1360.6163	0.5	reading
1361.6179	0.5	reading
1362.6161	0.5	reading
1363.6165	0.5	reading
1364.6191	0.5	reading
1365.6182	0.5	reading
1366.62	0.5	reading
1367.616	0.5	reading
1368.6165	0.5	reading
1369.6166	0.5	reading
1394.8626	0.5	reading
1395.8711	0.5	reading
1396.8727	0.5	reading
1397.8689	0.5	reading
1398.8668	0.5	reading
1399.8698	0.5	reading
1400.8714	0.5	reading
1401.9356	0.5	reading
1402.958	0.5	reading
1403.9605	0.5	reading
1404.9597	0.5	reading
1405.9605	0.5	reading
1406.9616	0.5	reading
1407.9582	0.5	reading
1408.9589	0.5	reading
1409.9597	0.5	reading
1410.9717	0.5	reading
1411.9693	0.5	reading
1412.9697	0.5	reading
1413.9668	0.5	reading
1414.9641	0.5	reading
1415.9702	0.5	reading
1416.9697	0.5	reading
1439.4341	0.5	reading
1440.4772	0.5	reading
1441.4785	0.5	reading
1442.4751	0.5	reading
1443.4761	0.5	reading
1444.4772	0.5	reading
1445.4777	0.5	reading
1446.4786	0.5	reading
1447.4756	0.5	reading
1448.4765	0.5	reading
1449.4802	0.5	reading
1450.4867	0.5	reading
1451.4956	0.5	reading
1452.4924	0.5	reading
1453.493	0.5	reading
1454.4938	0.5	reading
1455.4946	0.5	reading
1456.4954	0.5	reading
1457.4925	0.5	reading
1458.493	0.5	reading
1459.4941	0.5	reading
1460.4945	0.5	reading
1461.5048	0.5	reading
1462.5018	0.5	reading
1463.5039	0.5	reading
1464.5055	0.5	reading
1465.5023	0.5	reading
1466.5057	0.5	reading
1467.5038	0.5	reading
1468.5043	0.5	reading
1469.508	0.5	reading
1470.5284	0.5	reading
1471.5465	0.5	reading
1472.5425	0.5	reading
1473.5438	0.5	reading
1474.5443	0.5	reading
1475.5451	0.5	reading
1476.5461	0.5	reading
1477.5428	0.5	reading
1478.5438	0.5	reading
1479.5442	0.5	reading
1480.5452	0.5	reading
1481.5571	0.5	reading
1482.5502	0.5	reading
1483.5525	0.5	reading
1484.5549	0.5	reading
1485.5566	0.5	reading
1486.5541	0.5	reading
1487.5501	0.5	reading
1488.553	0.5	reading
1489.5547	0.5	reading
1490.5541	0.5	reading
1491.5548	0.5	reading
1492.5531	0.5	reading
1493.5549	0.5	reading
1494.5527	0.5	reading
1495.5539	0.5	reading
1496.5551	0.5	reading
1497.5547	0.5	reading
1498.555	0.5	reading
1499.5539	0.5	reading
1500.5543	0.5	reading
1501.5635	0.5	reading
1502.5603	0.5	reading
1503.5607	0.5	reading
1504.5614	0.5	reading
1505.5623	0.5	reading
1506.5632	0.5	reading
1507.56	0.5	reading
1508.5608	0.5	reading
1509.5618	0.5	reading
1510.5624	0.5	reading
1511.5698	0.5	reading
1512.5703	0.5	reading
1513.5671	0.5	reading
1514.5705	0.5	reading
1515.5729	0.5	reading
1516.5707	0.5	reading
1517.5736	0.5	reading
1518.573	0.5	reading
1519.5742	0.5	reading
1520.5756	0.5	reading
1521.5802	0.5	reading
1522.581	0.5	reading
1548.1637	0.5	reading
1549.1758	0.5	reading
1550.1749	0.5	reading
1551.1711	0.5	reading
1552.1815	0.5	reading
1553.1786	0.5	reading
1554.1788	0.5	reading
1555.18	0.5	reading
1556.1806	0.5	reading
1557.1816	0.5	reading
1558.1785	0.5	reading
1559.1792	0.5	reading
1560.1801	0.5	reading
1561.181	0.5	reading
1562.1888	0.5	reading
1563.1885	0.5	reading
1564.1878	0.5	reading
1565.1909	0.5	reading
1566.189	0.5	reading
1567.191	0.5	reading
1568.187	0.5	reading
1569.192	0.5	reading
1570.1914	0.5	reading
1571.1918	0.5	reading
1572.1987	0.5	reading
1573.1956	0.5	reading
1574.1961	0.5	reading
1575.197	0.5	reading
1576.1981	0.5	reading
1577.1988	0.5	reading
1578.1954	0.5	reading
1579.1963	0.5	reading
1580.1971	0.5	reading
1609.9057	0.5	reading
1610.907	0.5	reading
1611.9159	0.5	reading
1612.9131	0.5	reading
1613.914	0.5	reading
1614.9145	0.5	reading
1615.9153	0.5	reading
1616.9161	0.5	reading
1617.9133	0.5	reading
1618.9139	0.5	reading
1619.9144	0.5	reading
1620.9154	0.5	reading
1621.9232	0.5	reading
1622.9212	0.5	reading
1623.9249	0.5	reading
1624.9238	0.5	reading
1625.9234	0.5	reading
1626.9252	0.5	reading
1627.9217	0.5	reading
1628.9231	0.5	reading
1629.9223	0.5	reading
1630.9269	0.5	reading
1631.927	0.5	reading
1632.9257	0.5	reading
1633.9238	0.5	reading
1634.923	0.5	reading
1635.9238	0.5	reading
1636.9234	0.5	reading
1637.9274	0.5	reading
1638.9227	0.5	reading
1639.9238	0.5	reading
1640.9254	0.5	reading
1641.9274	0.5	reading
1642.9343	0.5	reading
1643.9313	0.5	reading
1644.9319	0.5	reading
1645.9326	0.5	reading
1646.9335	0.5	reading
1647.9347	0.5	reading
1648.9309	0.5	reading
1649.9318	0.5	reading
1650.9326	0.5	reading
1651.9337	0.5	reading
1652.9467	0.5	reading
1653.9385	0.5	reading
1654.9402	0.5	reading
1655.9416	0.5	reading
1656.9427	0.5	reading
1657.9418	0.5	reading
1658.9411	0.5	reading
1659.9396	0.5	reading
1660.9397	0.5	reading
1661.9424	0.5	reading
1662.9512	0.5	reading
1663.9479	0.5	reading
1664.9488	0.5	reading
1665.9496	0.5	reading
1666.9507	0.5	reading
1667.9516	0.5	reading
1668.948	0.5	reading
1669.9489	0.5	reading
1670.9501	0.5	reading
1671.9509	0.5	reading
1672.9608	0.5	reading
1673.9593	0.5	reading
1674.9577	0.5	reading
1675.9567	0.5	reading
1676.9579	0.5	reading
1677.9633	0.5	reading
1678.9571	0.5	reading
1679.9596	0.5	reading
1680.9574	0.5	reading
1681.9591	0.5	reading
1682.9683	0.5	reading
1683.965	0.5	reading
1684.9659	0.5	reading
1685.9667	0.5	reading
1686.9677	0.5	reading
1687.9684	0.5	reading
1688.9655	0.5	reading
1689.966	0.5	reading
1690.9669	0.5	reading
1691.9676	0.5	reading
1692.9756	0.5	reading
1693.9771	0.5	reading
1694.9841	0.5	reading
1695.9836	0.5	reading
1696.9845	0.5	reading
1697.9851	0.5	reading
1698.982	0.5	reading
1699.9827	0.5	reading
1700.9841	0.5	reading
1701.9859	0.5	reading
1702.997	0.5	reading
1703.9904	0.5	reading
1704.9954	0.5	reading
1705.993	0.5	reading
1706.9933	0.5	reading
1707.9921	0.5	reading
1708.9916	0.5	reading
1709.9935	0.5	reading
1710.9903	0.5	reading
1711.9939	0.5	reading
1713.0026	0.5	reading
1713.9991	0.5	reading
1715.0002	0.5	reading
1716.0007	0.5	reading
1717.0015	0.5	reading
1718.0028	0.5	reading
1718.9992	0.5	reading
1720.0004	0.5	reading
1721.001	0.5	reading
1722.0017	0.5	reading
1723.014	0.5	reading
1724.0087	0.5	reading
1725.0121	0.5	reading
1726.0268	0.5	reading
1727.0297	0.5	reading
1728.0254	0.5	reading
1729.0248	0.5	reading
1730.0304	0.5	reading
1731.0286	0.5	reading
1732.0249	0.5	reading
1733.0361	0.5	reading
1734.0329	0.5	reading
1735.0337	0.5	reading
1736.0345	0.5	reading
1737.0357	0.5	reading
1738.0365	0.5	reading
1739.0329	0.5	reading
1740.0338	0.5	reading
1741.0347	0.5	reading
1742.0358	0.5	reading
1743.0448	0.5	reading
1744.0394	0.5	reading
1745.0398	0.5	reading
1746.0465	0.5	reading
1747.0442	0.5	reading
1748.0439	0.5	reading
1749.0394	0.5	reading
1750.0434	0.5	reading
1751.0431	0.5	reading
1752.0467	0.5	reading
1753.0532	0.5	reading
1754.0503	0.5	reading
1755.0508	0.5	reading
1756.0517	0.5	reading
1757.0529	0.5	reading
1758.0534	0.5	reading
1759.0501	0.5	reading
1760.0695	0.5	reading
1788.3734	0.5	reading
1789.3753	0.5	reading
1790.3755	0.5	reading
1791.3798	0.5	reading
1792.3818	0.5	reading
1793.3898	0.5	reading
1794.3849	0.5	reading
1795.3854	0.5	reading
1796.3862	0.5	reading
1797.387	0.5	reading
1798.3879	0.5	reading
1799.3846	0.5	reading
1800.3854	0.5	reading
1801.3863	0.5	reading
1802.3873	0.5	reading
1803.3948	0.5	reading
1804.3954	0.5	reading
1805.3956	0.5	reading
1806.3971	0.5	reading
1807.3971	0.5	reading
1808.3995	0.5	reading
1809.3918	0.5	reading
1810.3941	0.5	reading
1811.3986	0.5	reading
1812.3947	0.5	reading
1813.3956	0.5	reading
1814.4019	0.5	reading
1815.4024	0.5	reading
1816.4036	0.5	reading
1817.4041	0.5	reading
1818.405	0.5	reading
1819.402	0.5	reading
1820.4029	0.5	reading
1821.4034	0.5	reading
1822.4046	0.5	reading
1823.4051	0.5	reading
1824.4105	0.5	reading
1825.4114	0.5	reading
1826.4137	0.5	reading
1827.4116	0.5	reading
1828.4143	0.5	reading
1829.4102	0.5	reading
1830.4112	0.5	reading
1831.4101	0.5	reading
1832.4149	0.5	reading
1833.4145	0.5	reading
1834.4203	0.5	reading
1835.4198	0.5	reading
1836.4204	0.5	reading
1837.4212	0.5	reading
1838.4221	0.5	reading
1839.4187	0.5	reading
1840.4197	0.5	reading
1841.4206	0.5	reading
1842.4216	0.5	reading
1843.4223	0.5	reading
1844.4284	0.5	reading
1845.4271	0.5	reading
1846.428	0.5	reading
1847.4288	0.5	reading
1848.4303	0.5	reading
1849.4277	0.5	reading
1850.43	0.5	reading
1851.4299	0.5	reading
1852.4299	0.5	reading
1853.4307	0.5	reading
1854.4361	0.5	reading
1855.4367	0.5	reading
1856.4373	0.5	reading
1857.4384	0.5	reading
1858.4396	0.5	reading
1859.4545	0.5	reading
1860.4617	0.5	reading
1861.4631	0.5	reading
1862.466	0.5	reading
1863.466	0.5	reading
1864.4694	0.5	reading
1865.4703	0.5	reading
1866.4712	0.5	reading
1867.4722	0.5	reading
1868.4731	0.5	reading
1869.4695	0.5	reading
1870.4703	0.5	reading
1871.4713	0.5	reading
1872.4724	0.5	reading
1873.4731	0.5	reading
1874.4795	0.5	reading
1875.4779	0.5	reading
1876.4787	0.5	reading
1877.4787	0.5	reading
1878.48	0.5	reading
1879.4781	0.5	reading
1880.4796	0.5	reading
1881.4789	0.5	reading
1882.481	0.5	reading
1883.4803	0.5	reading
1884.4868	0.5	reading
1885.4874	0.5	reading
1886.4883	0.5	reading
1887.4894	0.5	reading
1888.4902	0.5	reading
1889.487	0.5	reading
1890.4873	0.5	reading
1891.4884	0.5	reading
1892.4891	0.5	reading
1893.4903	0.5	reading
1894.4955	0.5	reading
1895.4964	0.5	reading
1896.4968	0.5	reading
1897.4977	0.5	reading
1898.4991	0.5	reading
1899.4954	0.5	reading
1900.498	0.5	reading
1901.4981	0.5	reading
1902.4987	0.5	reading
1903.502	0.5	reading
1904.5037	0.5	reading
1905.5046	0.5	reading
1906.5054	0.5	reading
1907.5061	0.5	reading
1908.507	0.5	reading
1909.5038	0.5	reading
1910.5046	0.5	reading
1911.5058	0.5	reading
1912.5062	0.5	reading
1913.5071	0.5	reading
1914.5149	0.5	reading
1915.5155	0.5	reading
1916.5168	0.5	reading
1917.5135	0.5	reading
1918.5161	0.5	reading
1919.5158	0.5	reading
1920.5141	0.5	reading
1921.5126	0.5	reading
1922.5156	0.5	reading
1923.5149	0.5	reading
1924.5211	0.5	reading
1925.5215	0.5	reading
1926.5224	0.5	reading
1927.5233	0.5	reading
1928.524	0.5	reading
1929.521	0.5	reading
1930.5217	0.5	reading
1931.5225	0.5	reading
1932.54	0.5	reading
1933.5409	0.5	reading
1934.5544	0.5	reading
1935.5551	0.5	reading
1936.5564	0.5	reading
1937.5571	0.5	reading
1938.5579	0.5	reading
1939.5549	0.5	reading
1940.5553	0.5	reading
1941.5562	0.5	reading
1942.5573	0.5	reading
1943.5576	0.5	reading
1944.5545	0.5	reading
1945.5553	0.5	reading
1946.5562	0.5	reading
1947.5571	0.5	reading
1948.5582	0.5	reading
1949.5548	0.5	reading
1950.5555	0.5	reading
1951.5564	0.5	reading
1952.5574	0.5	reading
1953.558	0.5	reading
1954.5547	0.5	reading
1955.5632	0.5	reading
1956.5661	0.5	reading
1957.5644	0.5	reading
1958.5662	0.5	reading
1959.5615	0.5	reading
1960.5639	0.5	reading
1961.5653	0.5	reading
1962.5668	0.5	reading
1963.5669	0.5	reading
1964.564	0.5	reading
1965.5725	0.5	reading
1966.5733	0.5	reading
1967.5744	0.5	reading
1968.5751	0.5	reading
1969.5719	0.5	reading
1970.573	0.5	reading
1971.5735	0.5	reading
1972.5744	0.5	reading
1998.7503	0.5	reading
1999.7509	0.5	reading
2000.7494	0.5	reading
2001.7497	0.5	reading
2002.7517	0.5	reading
2003.7546	0.5	reading
2004.7482	0.5	reading
2005.7494	0.5	reading
2006.7487	0.5	reading
2007.7541	0.5	reading
2008.7555	0.5	reading
2009.7481	0.5	reading
2010.7482	0.5	reading
2011.7581	0.5	reading
2012.762	0.5	reading
2013.7687	0.5	reading
2014.7658	0.5	reading
2015.7853	0.5	reading
2016.7881	0.5	reading
2017.7837	0.5	reading
2018.7878	0.5	reading
2019.7856	0.5	reading
2020.7845	0.5	reading
2021.7841	0.5	reading
2022.7857	0.5	reading
2023.788	0.5	reading
2024.7863	0.5	reading
2025.7907	0.5	reading
2026.7916	0.5	reading
2027.7924	0.5	reading
2028.7933	0.5	reading
2029.79	0.5	reading
2030.7912	0.5	reading
2031.7915	0.5	reading
2032.7927	0.5	reading
2033.7934	0.5	reading
2034.7902	0.5	reading
2035.8009	0.5	reading
2036.8005	0.5	reading
2037.8002	0.5	reading
2038.8051	0.5	reading
2039.8022	0.5	reading
2040.8025	0.5	reading
2041.7992	0.5	reading
2042.8066	0.5	reading
2043.8273	0.5	reading
2044.8241	0.5	reading
2045.8411	0.5	reading
2046.8442	0.5	reading
2047.8429	0.5	reading
2048.8438	0.5	reading
2049.8406	0.5	reading
2050.8414	0.5	reading
2051.8423	0.5	reading
2052.8433	0.5	reading
2053.8442	0.5	reading
2054.8406	0.5	reading
2055.8584	0.5	reading
2056.859	0.5	reading
2057.8597	0.5	reading
2058.8607	0.5	reading
2059.8574	0.5	reading
2060.8582	0.5	reading
2061.8591	0.5	reading
2062.8599	0.5	reading
2063.8608	0.5	reading
2064.8574	0.5	reading
2065.8671	0.5	reading
2066.8688	0.5	reading
2067.8687	0.5	reading
2068.8823	0.5	reading
2069.8859	0.5	reading
2070.8825	0.5	reading
2071.8892	0.5	reading
2072.8857	0.5	reading
2073.8871	0.5	reading
2074.8821	0.5	reading
2075.8923	0.5	reading
2076.8928	0.5	reading
2077.8937	0.5	reading
2078.8948	0.5	reading
2102.1471	0.5	reading
2103.1512	0.5	reading
2104.154	0.5	reading
2105.1498	0.5	reading
2106.1597	0.5	reading
2107.1604	0.5	reading
2108.161	0.5	reading
2109.1621	0.5	reading
2110.161	0.5	reading
2111.1597	0.5	reading
2112.1604	0.5	reading
2113.1612	0.5	reading
2114.162	0.5	reading
2115.1589	0.5	reading
2116.1596	0.5	reading
2117.1604	0.5	reading
2118.1613	0.5	reading
2119.1622	0.5	reading
2120.1593	0.5	reading
2121.1599	0.5	reading
2122.1606	0.5	reading
2123.1615	0.5	reading
2124.1624	0.5	reading
2125.1592	0.5	reading
2126.16	0.5	reading
2127.1607	0.5	reading
2128.162	0.5	reading
2129.1624	0.5	reading
2130.1592	0.5	reading
2131.1602	0.5	reading
2132.161	0.5	reading
2133.1618	0.5	reading
2134.1626	0.5	reading
2135.1594	0.5	reading
